{
    "acc": 0.6600609756097561,
    "precision": 0.5704697986577181,
    "recall": 0.3483606557377049,
    "f1_score": 0.43256997455470736
}